{
  "strategy_class": "cash_filtered_long_only_relative_strength_rotation_candidate",
  "timeframe": "1d",
  "pairs": [
    "BTCUSDT",
    "ETHUSDT",
    "SOLUSDT",
    "XRPUSDT"
  ],
  "params": {
    "timeframe": "1d",
    "lookback_fast": 7,
    "lookback_slow": 14,
    "top_n": 1,
    "vol_window": 5,
    "target_vol_ann": 0.6,
    "regime_threshold": 0.02,
    "breadth_threshold": 0.5,
    "gross_cap": 1.5,
    "fee_rate": 0.0004
  },
  "train_metrics": {
    "total_return": 0.05732227285415825,
    "final_equity": 105732.22728541582,
    "max_drawdown": -0.06055162756432919,
    "sharpe": 1.2384432611061555,
    "avg_gross_leverage": 0.08108392983734905,
    "avg_turnover": 0.09343198694426824,
    "active_ratio": 0.08602150537634409,
    "rebalances": 12,
    "daily_metrics": {
      "daily_returns": [
        0.0,
        0.0,
        0.0,
        0.0,
        0.0,
        0.0,
        0.0,
        0.0,
        0.0,
        0.0,
        0.0,
        0.0,
        0.0,
        0.0,
        0.0,
        0.0,
        0.0,
        0.0,
        0.0,
        0.0,
        0.0,
        0.0,
        0.0,
        0.0,
        0.0,
        0.017332946713848968,
        -0.00542234641398525,
        -0.00046189284226318074,
        -0.02579046230096515,
        -0.0004957945424309336,
        0.0,
        0.0,
        0.0,
        0.0,
        0.0,
        0.0,
        0.0,
        0.0,
        0.0,
        0.0,
        0.0,
        0.0,
        0.0,
        0.0,
        0.0,
        0.0,
        0.0,
        0.0,
        0.0,
        0.0,
        0.0,
        0.0,
        0.0,
        0.0,
        0.0,
        0.0,
        0.0,
        0.0,
        0.0,
        0.0,
        0.0,
        0.0,
        0.0,
        0.0,
        -0.009817593598031872,
        -0.019656071668431675,
        -0.00022057883611085219,
        0.0,
        0.01739885337771572,
        0.0861355611870326,
        0.001501718908451128,
        -0.00035827110950458624,
        0.0,
        0.0,
        0.0,
        0.0,
        0.0,
        0.0,
        0.0,
        0.0,
        0.0,
        0.0,
        0.0,
        0.0,
        0.0,
        0.0,
        0.0,
        0.0,
        0.0,
        0.0,
        0.0,
        0.0,
        0.0
      ],
      "avg_daily_return": 0.0006467319233905906,
      "median_daily_return": 0.0,
      "daily_win_rate": 0.043010752688172046,
      "daily_target_hit_rate": 0.03225806451612903,
      "daily_shortfall_sum": 0.5107212924032724,
      "daily_shortfall_mean": 0.005491626800035187,
      "daily_excess_sum": 0.10586736127859728,
      "worst_day": -0.02579046230096515,
      "best_day": 0.0861355611870326,
      "cvar_alpha": 0.1,
      "cvar": -0.00622230113117235,
      "max_loss_breach_rate": 0.043010752688172046
    },
    "monthly_metrics": {
      "n_months": 4,
      "month_labels": [
        "2025-10",
        "2025-11",
        "2025-12",
        "2026-01"
      ],
      "month_days": [
        31,
        30,
        31,
        1
      ],
      "monthly_returns": [
        -0.015222390420184917,
        0.0,
        0.07366603644176739,
        0.0
      ],
      "monthly_avg_daily_returns": [
        -0.0004786306253482434,
        0.0,
        0.002418826395520015,
        0.0
      ],
      "target_monthly_returns": [
        0.1672070833098187,
        0.16140008289534213,
        0.1672070833098187,
        0.004999999999999893
      ],
      "monthly_target_hit_rate": 0.0,
      "monthly_avg_daily_target_hit_rate": 0.0,
      "monthly_shortfall_sum": 0.44237060349339696,
      "monthly_shortfall_mean": 0.11059265087334924,
      "worst_month": -0.015222390420184917,
      "best_month": 0.07366603644176739,
      "avg_monthly_return": 0.014610911505395618
    }
  },
  "validation_metrics": {
    "total_return": 0.014712224734386492,
    "final_equity": 101471.22247343865,
    "max_drawdown": -0.15618953444442563,
    "sharpe": 0.469879580265096,
    "avg_gross_leverage": 0.3182554659555959,
    "avg_turnover": 0.432286971446365,
    "active_ratio": 0.32608695652173914,
    "rebalances": 17,
    "daily_metrics": {
      "daily_returns": [
        0.0,
        0.06338328471181902,
        0.00412191046841137,
        0.007238693336885164,
        0.11812230466091422,
        -0.012784056995700654,
        -0.03396044710101794,
        -0.00903205950582336,
        -0.005746579842226819,
        -0.001049309943182172,
        -0.00017909852111349555,
        0.0,
        0.0,
        0.00895018284242643,
        -0.04377626474303104,
        -0.007000935373772475,
        -0.010333017121760922,
        -0.007933939648200604,
        -0.04353787560938271,
        -0.0006000000000000001,
        0.0,
        0.0,
        0.0,
        0.0,
        0.0,
        0.0,
        0.0,
        0.0,
        0.0,
        0.0,
        0.0,
        0.0,
        0.0,
        0.0,
        0.0,
        0.0,
        0.0,
        0.0,
        0.0,
        0.0,
        0.0,
        0.0,
        0.0,
        0.0,
        0.0,
        0.0
      ],
      "avg_daily_return": 0.0005626693829400873,
      "median_daily_return": 0.0,
      "daily_win_rate": 0.10869565217391304,
      "daily_target_hit_rate": 0.08695652173913043,
      "daily_shortfall_sum": 0.3818116739368008,
      "daily_shortfall_mean": 0.008300253781234801,
      "daily_excess_sum": 0.17769446555204482,
      "worst_day": -0.04377626474303104,
      "best_day": 0.11812230466091422,
      "cvar_alpha": 0.1,
      "cvar": -0.028878332314178655,
      "max_loss_breach_rate": 0.1956521739130435
    },
    "monthly_metrics": {
      "n_months": 2,
      "month_labels": [
        "2026-01",
        "2026-02"
      ],
      "month_days": [
        31,
        15
      ],
      "monthly_returns": [
        0.014712224734386492,
        0.0
      ],
      "monthly_avg_daily_returns": [
        0.0008349287617820651,
        0.0
      ],
      "target_monthly_returns": [
        0.1672070833098187,
        0.07768273758808175
      ],
      "monthly_target_hit_rate": 0.0,
      "monthly_avg_daily_target_hit_rate": 0.0,
      "monthly_shortfall_sum": 0.23017759616351396,
      "monthly_shortfall_mean": 0.11508879808175698,
      "worst_month": 0.0,
      "best_month": 0.014712224734386492,
      "avg_monthly_return": 0.007356112367193246
    }
  },
  "test_metrics": {
    "total_return": 0.16158082886043723,
    "final_equity": 116158.08288604372,
    "max_drawdown": -0.056076428443993964,
    "sharpe": 2.799477660132835,
    "avg_gross_leverage": 0.28710400054188573,
    "avg_turnover": 0.2945425113027273,
    "active_ratio": 0.2549019607843137,
    "rebalances": 15,
    "daily_metrics": {
      "daily_returns": [
        0.0,
        0.0,
        0.0,
        0.0,
        0.0,
        0.023299281598975697,
        -0.0006000000000000001,
        0.0,
        0.0,
        0.0,
        0.0,
        0.0,
        0.0,
        0.0,
        0.0,
        0.0,
        0.0029923673915958817,
        0.041810341157034775,
        -0.02306164746925983,
        -0.030637162262583468,
        -0.00031275316167453257,
        0.0,
        0.0,
        0.01012944114159968,
        0.007175463708410528,
        -0.0004164843815463949,
        0.0,
        0.0024559394742251113,
        0.059032964725309944,
        0.11980135278478032,
        -0.014780193366942463,
        -0.041593577822251836,
        -0.00033616246405259354,
        0.0,
        0.0,
        0.0,
        0.0,
        0.0,
        0.0,
        0.0,
        0.0,
        0.0,
        0.0,
        0.0,
        0.0,
        0.0,
        0.0,
        0.0,
        0.0,
        0.0,
        0.006119598227764908
      ],
      "avg_daily_return": 0.0031584072408114856,
      "median_daily_return": 0.0,
      "daily_win_rate": 0.17647058823529413,
      "daily_target_hit_rate": 0.13725490196078433,
      "daily_shortfall_sum": 0.3262896740624901,
      "daily_shortfall_mean": 0.006397836746323335,
      "daily_excess_sum": 0.23236844334387588,