{
  "summary_path": "models/gp_regime_mixture_btc_bnb_nsga3_summary.json",
  "pairs": [
    "BTCUSDT",
    "BNBUSDT"
  ],
  "baseline_candidate": {
    "route_breadth_threshold": 0.5,
    "mapping_indices": [
      0,
      7,
      0,
      5
    ]
  },
  "selected_candidate": {
    "route_breadth_threshold": 0.5,
    "mapping_indices": [
      2,
      7,
      7,
      6
    ]
  },
  "comparison": {
    "recent_2m": {
      "baseline_mean_avg_daily_return": 0.0020593863088981305,
      "selected_mean_avg_daily_return": 0.005881351649554788,
      "delta_mean_avg_daily_return": 0.003821965340656658,
      "baseline_worst_pair_avg_daily_return": -0.0022490012486769944,
      "selected_worst_pair_avg_daily_return": 0.005627224824874446,
      "delta_worst_pair_avg_daily_return": 0.00787622607355144,
      "baseline_worst_max_drawdown": -0.1616203441534828,
      "selected_worst_max_drawdown": -0.10496191286058987,
      "delta_worst_max_drawdown": 0.05665843129289294
    },
    "recent_6m": {
      "baseline_mean_avg_daily_return": 0.00868472462435555,
      "selected_mean_avg_daily_return": 0.008615411189725256,
      "delta_mean_avg_daily_return": -6.931343463029323e-05,
      "baseline_worst_pair_avg_daily_return": 0.0063222964704799925,
      "selected_worst_pair_avg_daily_return": 0.007199890465284451,
      "delta_worst_pair_avg_daily_return": 0.0008775939948044587,
      "baseline_worst_max_drawdown": -0.1316420532356628,
      "selected_worst_max_drawdown": -0.1503013161615735,
      "delta_worst_max_drawdown": -0.01865926292591069
    },
    "full_4y": {
      "baseline_mean_avg_daily_return": 0.004151364016625912,
      "selected_mean_avg_daily_return": 0.004405309109093956,
      "delta_mean_avg_daily_return": 0.00025394509246804385,
      "baseline_worst_pair_avg_daily_return": 0.004059281646747695,
      "selected_worst_pair_avg_daily_return": 0.0041747500425192,
      "delta_worst_pair_avg_daily_return": 0.00011546839577150463,
      "baseline_worst_max_drawdown": -0.16170318366897884,
      "selected_worst_max_drawdown": -0.16301004522773743,
      "delta_worst_max_drawdown": -0.0013068615587585874
    }
  },
  "profiles": {
    "progressive_improvement": {
      "baseline": {
        "checks": [
          {
            "name": "recent_2m_worst_pair_positive",
            "passed": false,
            "actual": -0.0022490012486769944,
            "target": 0.0,
            "comparator": ">=",
            "note": "최근 2개월 최악 코인도 음수가 아니어야 함"
          },
          {
            "name": "recent_2m_worst_pair_vs_baseline",
            "passed": true,
            "actual": -0.0022490012486769944,
            "target": -0.0022490012486769944,
            "comparator": ">=",
            "note": "최근 2개월 최악 코인 기준으로 baseline 이상"
          },
          {
            "name": "recent_6m_worst_pair_min",
            "passed": true,
            "actual": 0.0063222964704799925,
            "target": 0.006,
            "comparator": ">=",
            "note": "최근 6개월 최악 코인은 목표 0.6%/day 이상"
          },
          {
            "name": "recent_6m_worst_pair_vs_baseline",
            "passed": true,
            "actual": 0.0063222964704799925,
            "target": 0.0063222964704799925,
            "comparator": ">=",
            "note": "최근 6개월 최악 코인 기준 baseline 이상"
          },
          {
            "name": "full_4y_worst_pair_positive",
            "passed": true,
            "actual": 0.004059281646747695,
            "target": 0.0,
            "comparator": ">=",
            "note": "4년 전체 최악 코인도 음수가 아니어야 함"
          },
          {
            "name": "full_4y_mean_vs_baseline",
            "passed": true,
            "actual": 0.004151364016625912,
            "target": 0.004151364016625912,
            "comparator": ">=",
            "note": "4년 평균 일수익률은 baseline 이상"
          },
          {
            "name": "recent_2m_worst_mdd_cap",
            "passed": true,
            "actual": 0.1616203441534828,
            "target": 0.18,
            "comparator": "<=",
            "note": "최근 2개월 최악 MDD 18% 이내"
          },
          {
            "name": "recent_6m_worst_mdd_cap",
            "passed": true,
            "actual": 0.1316420532356628,
            "target": 0.17,
            "comparator": "<=",
            "note": "최근 6개월 최악 MDD 17% 이내"
          },
          {
            "name": "full_4y_worst_mdd_cap",
            "passed": true,
            "actual": 0.16170318366897884,
            "target": 0.2,
            "comparator": "<=",
            "note": "4년 전체 최악 MDD 20% 이내"
          }
        ],
        "passed": false
      },
      "selected": {
        "checks": [
          {
            "name": "recent_2m_worst_pair_positive",
            "passed": true,
            "actual": 0.005627224824874446,
            "target": 0.0,
            "comparator": ">=",
            "note": "최근 2개월 최악 코인도 음수가 아니어야 함"
          },
          {
            "name": "recent_2m_worst_pair_vs_baseline",
            "passed": true,
            "actual": 0.005627224824874446,
            "target": -0.0022490012486769944,
            "comparator": ">=",
            "note": "최근 2개월 최악 코인 기준으로 baseline 이상"
          },
          {
            "name": "recent_6m_worst_pair_min",
            "passed": true,
            "actual": 0.007199890465284451,
            "target": 0.006,
            "comparator": ">=",
            "note": "최근 6개월 최악 코인은 목표 0.6%/day 이상"
          },
          {
            "name": "recent_6m_worst_pair_vs_baseline",
            "passed": true,
            "actual": 0.007199890465284451,
            "target": 0.0063222964704799925,
            "comparator": ">=",
            "note": "최근 6개월 최악 코인 기준 baseline 이상"
          },
          {
            "name": "full_4y_worst_pair_positive",
            "passed": true,
            "actual": 0.0041747500425192,
            "target": 0.0,
            "comparator": ">=",
            "note": "4년 전체 최악 코인도 음수가 아니어야 함"
          },
          {
            "name": "full_4y_mean_vs_baseline",
            "passed": true,
            "actual": 0.004405309109093956,
            "target": 0.004151364016625912,
            "comparator": ">=",
            "note": "4년 평균 일수익률은 baseline 이상"
          },
          {
            "name": "recent_2m_worst_mdd_cap",
            "passed": true,
            "actual": 0.10496191286058987,
            "target": 0.18,
            "comparator": "<=",
            "note": "최근 2개월 최악 MDD 18% 이내"
          },
          {
            "name": "recent_6m_worst_mdd_cap",
            "passed": true,
            "actual": 0.1503013161615735,
            "target": 0.17,
            "comparator": "<=",
            "note": "최근 6개월 최악 MDD 17% 이내"
          },
          {
            "name": "full_4y_worst_mdd_cap",
            "passed": true,
            "actual": 0.16301004522773743,
            "target": 0.2,
            "comparator": "<=",
            "note": "4년 전체 최악 MDD 20% 이내"
          }
        ],
        "passed": true
      }
    },
    "target_060": {
      "baseline": {
        "checks": [
          {
            "name": "recent_2m_worst_pair_target_060",
            "passed": false,
            "actual": -0.0022490012486769944,
            "target": 0.006,
            "comparator": ">=",
            "note": "최근 2개월 최악 코인 0.6%/day 이상"
          },
          {
            "name": "recent_6m_worst_pair_target_060",
            "passed": true,
            "actual": 0.0063222964704799925,
            "target": 0.006,
            "comparator": ">=",
            "note": "최근 6개월 최악 코인 0.6%/day 이상"
          },
          {
            "name": "full_4y_worst_pair_target_060",
            "passed": false,
            "actual": 0.004059281646747695,
            "target": 0.006,
            "comparator": ">=",
            "note": "4년 전체 최악 코인 0.6%/day 이상"
          },
          {
            "name": "recent_6m_worst_mdd_cap",
            "passed": true,