{
  "pairs": [
    "BTCUSDT",
    "BNBUSDT"
  ],
  "summary_path": null,
  "selected_candidate": {
    "route_breadth_threshold": null,
    "mapping_indices": null,
    "pair_configs": {
      "BTCUSDT": {
        "route_breadth_threshold": 0.5,
        "mapping_indices": [
          3018,
          2140,
          3769,
          4028,
          3018,
          2140,
          3769,
          4028,
          3018,
          2140,
          3769,
          4028
        ],
        "route_state_mode": "equity_corr"
      },
      "BNBUSDT": {
        "route_breadth_threshold": 0.5,
        "mapping_indices": [
          3560,
          3090,
          2043,
          2892,
          3560,
          3090,
          2043,
          2892,
          3560,
          3090,
          2043,
          2892
        ],
        "route_state_mode": "equity_corr"
      }
    },
    "candidate_id": "0.5|equity_corr|3018|2140|3769|4028|3018|2140|3769|4028|3018|2140|3769|4028|0.5|equity_corr|3560|3090|2043|2892|3560|3090|2043|2892|3560|3090|2043|2892"
  },
  "validation_engine": {
    "metrics": {
      "total_return": 1086.2117968592534,
      "max_drawdown": -0.06478861179415096,
      "sharpe": 5.5731771434387,
      "avg_daily_return": 0.0049353056671919025,
      "daily_target_hit_rate": 0.23819301848049282,
      "worst_day": -0.06320840407656003,
      "best_day": 0.16623529345177956
    },
    "dsr_proxy": 1.0,
    "cpcv": {
      "n_splits": 15,
      "pass_rate": 1.0,
      "test_positive_rate": 1.0,
      "avg_test_return": 9.915459956885808,
      "min_test_return": 4.4026315081181995,
      "avg_test_mdd": -0.05645430052576948,
      "splits": [
        {
          "test_blocks": [
            0,
            1
          ],
          "train_days": 971,
          "test_days": 488,
          "score": 3388.648051943712,
          "passed": true,
          "test_total_return": 7.710745799014594,
          "test_sharpe": 5.717613079202002,
          "test_max_drawdown": -0.06320840407655992,
          "train_total_return": 123.85016591802805
        },
        {
          "test_blocks": [
            0,
            2
          ],
          "train_days": 967,
          "test_days": 488,
          "score": 3592.891026147336,
          "passed": true,
          "test_total_return": 6.102892679837395,
          "test_sharpe": 4.8671750300122225,
          "test_max_drawdown": -0.06320840407655992,
          "train_total_return": 148.28442300883373
        },
        {
          "test_blocks": [
            0,
            3
          ],
          "train_days": 968,
          "test_days": 487,
          "score": 3208.544338851079,
          "passed": true,
          "test_total_return": 11.964695473735864,
          "test_sharpe": 5.705344018342742,
          "test_max_drawdown": -0.06478861179415085,
          "train_total_return": 80.75155805583451
        },
        {
          "test_blocks": [
            0,
            4
          ],
          "train_days": 968,
          "test_days": 487,
          "score": 3215.2357687906724,
          "passed": true,
          "test_total_return": 9.610418446696706,
          "test_sharpe": 5.546871807970374,
          "test_max_drawdown": -0.06320840407655992,
          "train_total_return": 99.55821621802302
        },
        {
          "test_blocks": [
            0,
            5
          ],
          "train_days": 970,
          "test_days": 487,
          "score": 3411.874332369252,
          "passed": true,
          "test_total_return": 15.753255934486912,
          "test_sharpe": 6.167753433150161,
          "test_max_drawdown": -0.06320840407655992,
          "train_total_return": 62.3311539199882
        },
        {
          "test_blocks": [
            1,
            2
          ],
          "train_days": 969,
          "test_days": 488,
          "score": 4296.552832719904,
          "passed": true,
          "test_total_return": 4.4026315081181995,
          "test_sharpe": 4.908131997836105,
          "test_max_drawdown": -0.033423218293732515,
          "train_total_return": 200.3582666028447
        },
        {
          "test_blocks": [
            1,
            3
          ],
          "train_days": 966,
          "test_days": 487,
          "score": 3288.5700970811813,
          "passed": true,
          "test_total_return": 8.861260111446047,
          "test_sharpe": 5.747658908599906,
          "test_max_drawdown": -0.06478861179415085,
          "train_total_return": 109.36449424760931
        },
        {
          "test_blocks": [
            1,
            4
          ],
          "train_days": 966,
          "test_days": 487,
          "score": 3497.395156585421,
          "passed": true,
          "test_total_return": 7.070540214857143,
          "test_sharpe": 5.626552968559133,
          "test_max_drawdown": -0.03921319521884381,
          "train_total_return": 134.7534576621053
        },
        {
          "test_blocks": [
            1,
            5
          ],
          "train_days": 968,
          "test_days": 487,
          "score": 3251.3606845121235,
          "passed": true,
          "test_total_return": 11.742930585472307,
          "test_sharpe": 6.247526177771234,
          "test_max_drawdown": -0.05272940795937597,
          "train_total_return": 84.4969732530766
        },
        {
          "test_blocks": [
            2,
            3
          ],
          "train_days": 970,
          "test_days": 487,
          "score": 3472.749216013811,
          "passed": true,
          "test_total_return": 7.041041935523658,
          "test_sharpe": 4.948738120427748,
          "test_max_drawdown": -0.06478861179415085,
          "train_total_return": 134.30273115623356
        },
        {
          "test_blocks": [
            2,
            4
          ],
          "train_days": 966,
          "test_days": 487,
          "score": 3830.616173681813,
          "passed": true,
          "test_total_return": 5.580857981291004,
          "test_sharpe": 4.761813084519834,
          "test_max_drawdown": -0.03921319521884381,
          "train_total_return": 165.42864818802724
        },
        {
          "test_blocks": [
            2,
            5
          ],
          "train_days": 968,
          "test_days": 487,
          "score": 3260.116313469103,
          "passed": true,
          "test_total_return": 9.390805846437006,
          "test_sharpe": 5.437754124773324,
          "test_max_drawdown": -0.052729407959376084,
          "train_total_return": 103.81608297664319
        },
        {
          "test_blocks": [
            3,
            4
          ],
          "train_days": 971,
          "test_days": 486,
          "score": 3231.0764619101205,
          "passed": true,
          "test_total_return": 11.011841305941697,
          "test_sharpe": 5.61265569633931,
          "test_max_drawdown": -0.06478861179415085,
          "train_total_return": 89.51166837522729
        },
        {
          "test_blocks": [
            3,
            5
          ],
          "train_days": 969,
          "test_days": 486,
          "score": 3615.127123036065,
          "passed": true,
          "test_total_return": 17.966024069063316,
          "test_sharpe": 6.226678776372571,
          "test_max_drawdown": -0.06478861179415085,
          "train_total_return": 56.39967988584551
        },
        {
          "test_blocks": [
            4,
            5
          ],
          "train_days": 973,
          "test_days": 486,
          "score": 3368.749100272474,
          "passed": true,
          "test_total_return": 14.521957461365282,
          "test_sharpe": 6.080321819684029,
          "test_max_drawdown": -0.052729407959376084,
          "train_total_return": 69.52060901053962
        }
      ]
    },
    "candidate_selection_pbo": {
      "n_splits": 15,
      "pbo": 0.26666666666666666,
      "avg_selected_test_percentile": 0.6,