{
  "strategy_class": "regime_switching_breakout_mean_reversion",
  "selected_pair": "BTCUSDT",
  "timeframe": "1h",
  "best_params": {
    "timeframe": "1h",
    "ema_fast": 24,
    "ema_slow": 72,
    "donchian": 24,
    "bb_window": 20,
    "bb_mult": 1.75,
    "rsi_window": 14,
    "atr_window": 14,
    "trend_gap": 0.008,
    "flat_gap": 0.003,
    "vol_expand": 1.05,
    "vol_contract": 0.92,
    "stop_atr": 1.2,
    "trend_target_r": 2.0,
    "trend_trail_activate_r": 1.0,
    "trend_trail_atr": 1.0,
    "revert_target_r": 1.2,
    "max_hold_bars_trend": 48,
    "max_hold_bars_revert": 18,
    "breadth_long": 0.6,
    "breadth_short": 0.4,
    "fee_rate": 0.0004
  },
  "train_metrics": {
    "total_return": 0.15429936899137564,
    "final_equity": 115429.93689913757,
    "max_drawdown": -0.0634452602163641,
    "sharpe": 2.39391997059796,
    "trades": 47,
    "win_rate": 0.6595744680851063,
    "profit_factor": 1.8855437652533023,
    "expectancy": 334.7402811471315,
    "daily_metrics": {
      "daily_returns": [
        0.0,
        0.0,
        0.0,
        0.0,
        0.10042483928809909,
        0.0,
        0.0,
        0.0,
        -0.009122474501536804,
        0.0,
        0.002774608822951885,
        0.010514624298664232,
        0.0,
        0.003726331872963451,
        0.0036416773890830534,
        0.0,
        0.0,
        0.020257317509935424,
        0.0,
        0.0,
        0.0,
        0.0,
        0.0,
        0.0,
        -0.008466186408024323,
        0.0,
        0.0,
        0.0,
        -0.013966483595762025,
        0.010090987099621973,
        0.0,
        0.0,
        0.0,
        0.0,
        -0.015759853395262202,
        0.0,
        0.0,
        0.0,
        -0.013166769310761661,
        -0.009530513208338531,
        -0.01420293347244872,
        0.0,
        0.004421538158505767,
        0.0,
        0.0,
        0.01257263122183172,
        0.04720495425133864,
        0.0,
        0.006772737722036348,
        0.0033651176695459473,
        0.009608112881564601,
        0.0,
        0.0017672062150708712,
        -0.0003227608416562777,
        0.0,
        0.0,
        -0.021721563557895562,
        0.0,
        -0.011511790835272429,
        0.0,
        0.0047366799337018595,
        0.0023360997216888,
        0.0,
        0.0,
        0.0,
        0.0,
        0.012007504210466369,
        0.0,
        0.0,
        0.0,
        -0.0072783264191494945,
        -0.0023316306118759123,
        0.0,
        0.0,
        0.0,
        0.0,
        0.0,
        0.0,
        0.0079967672148753,
        0.0,
        0.004741866296602115,
        0.0,
        0.0,
        0.0,
        -0.0011744128640849283,
        0.013092564629486159,
        0.0,
        -0.002616858250520493
      ],
      "avg_daily_return": 0.0017145637401755028,
      "median_daily_return": 0.0,
      "daily_win_rate": 0.22727272727272727,
      "daily_target_hit_rate": 0.125,
      "daily_shortfall_sum": 0.48466143119247557,
      "daily_shortfall_mean": 0.005507516263550859,
      "daily_excess_sum": 0.19554304032791986,
      "worst_day": -0.021721563557895562,
      "best_day": 0.10042483928809909,
      "cvar_alpha": 0.1,
      "cvar": -0.01304984092058914,
      "max_loss_breach_rate": 0.11363636363636363
    },
    "monthly_metrics": {
      "n_months": 4,
      "month_labels": [
        "2025-10",
        "2025-11",
        "2025-12",
        "2026-01"
      ],
      "month_days": [
        26,
        30,
        31,
        1
      ],
      "monthly_returns": [
        0.1259978144755005,
        0.02747063446536324,
        0.0003442242836682041,
        -0.002616858250520493
      ],
      "monthly_avg_daily_returns": [
        0.004759643779697538,
        0.0009617990465095483,
        2.883089414652504e-05,
        -0.002616858250520493
      ],
      "target_monthly_returns": [
        0.13845955296184775,
        0.16140008289534213,
        0.1672070833098187,
        0.004999999999999893
      ],
      "monthly_target_hit_rate": 0.0,
      "monthly_avg_daily_target_hit_rate": 0.0,
      "monthly_shortfall_sum": 0.320870904192997,
      "monthly_shortfall_mean": 0.08021772604824925,
      "worst_month": -0.002616858250520493,
      "best_month": 0.1259978144755005,
      "avg_monthly_return": 0.03779895374350287
    }
  },
  "validation_metrics": {
    "total_return": 0.023889024786670543,
    "final_equity": 102388.90247866705,
    "max_drawdown": -0.05370072027613293,
    "sharpe": 0.9712371972540172,
    "trades": 26,
    "win_rate": 0.4230769230769231,
    "profit_factor": 1.1517390608523452,
    "expectancy": 91.88086456411726,
    "daily_metrics": {
      "daily_returns": [
        -0.002616858250520604,
        -0.006475062474031512,
        0.0,
        0.0,
        -0.018393494406985123,
        -0.002710732742404187,
        0.0,
        0.0,
        0.0,
        0.0,
        0.0021209059221627413,
        0.005231036504430797,
        0.017044655884093762,
        -0.015258507099111474,
        0.0,
        0.0,
        0.0,
        0.0,
        0.0,
        0.0004847027599528264,
        -0.021655279625380275,
        0.0,
        0.0,
        0.0,
        0.0,
        0.0,
        0.0,
        0.0,
        -0.01217841649259499,
        0.004637533751730594,
        0.030332717067695913,
        0.0,
        0.0,
        0.0037561909757299894,
        -0.009830111057723911,
        0.05262569740515821,
        0.024453582056898293,
        0.0,
        -0.013147649841151687,
        0.015801651065703748,
        0.0,
        0.0,
        -0.00673845200278933,
        -0.004586576760250538,
        -0.01597740141732573,
        0.0
      ],
      "avg_daily_return": 0.0005852202439845112,
      "median_daily_return": 0.0,
      "daily_win_rate": 0.21739130434782608,
      "daily_target_hit_rate": 0.13043478260869565,
      "daily_shortfall_sum": 0.3185692087606933,
      "daily_shortfall_mean": 0.006925417581754202,
      "daily_excess_sum": 0.11548933998398073,
      "worst_day": -0.021655279625380275,
      "best_day": 0.05262569740515821,
      "cvar_alpha": 0.1,
      "cvar": -0.016886466477990858,
      "max_loss_breach_rate": 0.1956521739130435
    },
    "monthly_metrics": {
      "n_months": 2,
      "month_labels": [
        "2026-01",
        "2026-02"
      ],
      "month_days": [
        31,
        15
      ],
      "monthly_returns": [
        -0.0204752821413402,
        0.04529166657988504
      ],
      "monthly_avg_daily_returns": [
        -0.0006269935226116622,
        0.0030904620282832694
      ],
      "target_monthly_returns": [
        0.1672070833098187,
        0.07768273758808175
      ],
      "monthly_target_hit_rate": 0.0,
      "monthly_avg_daily_target_hit_rate": 0.0,
      "monthly_shortfall_sum": 0.22007343645935562,
      "monthly_shortfall_mean": 0.11003671822967781,
      "worst_month": -0.0204752821413402,
      "best_month": 0.04529166657988504,
      "avg_monthly_return": 0.012408192219272418
    }
  },
  "test_metrics": {
    "total_return": -0.08821040279277048,
    "final_equity": 91178.95972072295,
    "max_drawdown": -0.09539036793162536,
    "sharpe": -7.092748304482539,
    "trades": 14,
    "win_rate": 0.21428571428571427,
    "profit_factor": 0.16451660916449626,
    "expectancy": -630.0743056626462,