{
  "strategy_class": "walkforward_rotation_with_btc_intraday_overlay",
  "overlay_params": {
    "momentum_lookback": 3,
    "breadth_lookback": 5,
    "momentum_threshold": 0.0,
    "breadth_threshold": 0.5,
    "reward_multiple": 3.0,
    "trail_activation_pct": 0.006,
    "trail_distance_pct": 0.002,
    "trail_floor_pct": 0.001,
    "entry_threshold": 20.0
  },
  "walkforward_config": {
    "reselect_days": 14,
    "train_days": 60,
    "val_days": 30
  },
  "baseline": {
    "validation": {
      "total_return": 0.06355262479181478,
      "daily_win_rate": 0.10869565217391304,
      "daily_target_hit_rate": 0.08695652173913043,
      "avg_daily_return": 0.0015639524519131887,
      "max_drawdown": -0.11557502354586346
    },
    "test": {
      "total_return": 0.14091996742384105,
      "daily_win_rate": 0.17647058823529413,
      "daily_target_hit_rate": 0.11764705882352941,
      "avg_daily_return": 0.002826907367561204,
      "max_drawdown": -0.07073000692204356
    },
    "oos": {
      "total_return": 0.21654384820211492,
      "daily_win_rate": 0.14583333333333334,
      "daily_target_hit_rate": 0.11458333333333333,
      "avg_daily_return": 0.002278032739559311,
      "max_drawdown": -0.12379190969316889
    }
  },
  "hybrid": {
    "validation": {
      "total_return": 0.07627855161359687,
      "final_equity": 107627.8551613597,
      "max_drawdown": -0.1112680702449842,
      "sharpe": 1.604598948997831,
      "daily_metrics": {
        "daily_returns": [
          0.0063728678386158165,
          0.06338328471181902,
          0.00412191046841137,
          0.007238693336885164,
          0.11812230466091422,
          -0.012784056995700654,
          -0.03396044710101794,
          -0.00903205950582336,
          -0.005746579842226819,
          -0.001049309943182172,
          -0.00017909852111349555,
          0.0,
          0.004869778008923433,
          0.00895018284242643,
          -0.04377626474303104,
          -0.009135613307456856,
          -0.013611133272897175,
          -0.0006000000000000001,
          0.0,
          0.0,
          0.0,
          0.0,
          0.0,
          0.0,
          0.0,
          0.0,
          0.0,
          0.0,
          0.0,
          0.0,
          0.0,
          0.0,
          0.0,
          0.0,
          0.0,
          0.0,
          0.0,
          0.0,
          0.0,
          0.0,
          0.0,
          0.0,
          0.0,
          0.0,
          0.005712659330955241,
          -0.005
        ],
        "avg_daily_return": 0.0018238503905761126,
        "median_daily_return": 0.0,
        "daily_win_rate": 0.17391304347826086,
        "daily_target_hit_rate": 0.13043478260869565,
        "daily_shortfall_sum": 0.32588287475511474,
        "daily_shortfall_mean": 0.007084410320763364,
        "daily_excess_sum": 0.1797799927216159,
        "worst_day": -0.04377626474303104,
        "best_day": 0.11812230466091422,
        "cvar_alpha": 0.1,
        "cvar": -0.022653503084020733,
        "max_loss_breach_rate": 0.17391304347826086
      },
      "monthly_metrics": {
        "n_months": 2,
        "month_labels": [
          "2026-01",
          "2026-02"
        ],
        "month_days": [
          31,
          15
        ],
        "monthly_returns": [
          0.07554277706508605,
          0.0006840960343006408
        ],
        "monthly_avg_daily_returns": [
          0.0026833696334047077,
          4.7510622063682714e-05
        ],
        "target_monthly_returns": [
          0.1672070833098187,
          0.07768273758808175
        ],
        "monthly_target_hit_rate": 0.0,
        "monthly_avg_daily_target_hit_rate": 0.0,
        "monthly_shortfall_sum": 0.16866294779851376,
        "monthly_shortfall_mean": 0.08433147389925688,
        "worst_month": 0.0006840960343006408,
        "best_month": 0.07554277706508605,
        "avg_monthly_return": 0.03811343654969335
      },
      "active_ratio": 0.41304347826086957,
      "n_trades": 19
    },
    "test": {
      "total_return": 0.1682448308685378,
      "final_equity": 116824.48308685378,
      "max_drawdown": -0.07073000692204368,
      "sharpe": 2.7784552384050976,
      "daily_metrics": {
        "daily_returns": [
          -0.005,
          0.003404348427105297,
          -0.00017141573841951822,
          0.0,
          0.0,
          0.0,
          0.0,
          0.0,
          0.0,
          0.0,
          0.027025191757924196,
          0.004858368870722576,
          0.0,
          0.0,
          0.0,
          0.0,
          0.0039898231887945095,
          0.055747121542713045,
          -0.030748863292346443,
          -0.040849549683444626,
          -0.00041700421556604354,
          0.0,
          0.0,
          0.013505921522132907,
          0.00956728494454737,
          -0.005555312508728527,
          0.006370535042516636,
          0.0024559394742251113,
          0.059032964725309944,
          0.11980135278478032,
          -0.014780193366942463,
          -0.041593577822251836,
          -0.00033616246405259354,
          0.0,
          0.0,
          0.0,
          0.0,
          -0.005,
          0.006823979205178878,
          0.0,
          0.0,
          0.0,
          0.0,
          0.0,
          0.0,
          -0.005,
          0.004077146813794032,
          0.0,
          0.0,
          -0.005,
          0.006119598227764908
        ],
        "avg_daily_return": 0.003300539165407014,
        "median_daily_return": 0.0,
        "daily_win_rate": 0.27450980392156865,
        "daily_target_hit_rate": 0.17647058823529413,
        "daily_shortfall_sum": 0.3456664523171106,
        "daily_shortfall_mean": 0.006777773574845305,
        "daily_excess_sum": 0.2589939497528682,
        "worst_day": -0.041593577822251836,
        "best_day": 0.11980135278478032,
        "cvar_alpha": 0.1,
        "cvar": -0.023087916112285653,
        "max_loss_breach_rate": 0.17647058823529413
      },
      "monthly_metrics": {
        "n_months": 3,
        "month_labels": [
          "2026-02",
          "2026-03",
          "2026-04"
        ],
        "month_days": [
          14,
          31,
          6
        ],
        "monthly_returns": [
          0.030173937853804622,
          0.1338626687381108,
          0.0001447341289437798
        ],
        "monthly_avg_daily_returns": [
          0.0021511780940951823,
          0.004452072873447296,
          3.279084025982337e-05
        ],
        "target_monthly_returns": [
          0.07232113192843959,
          0.1672070833098187,
          0.030377509393765045
        ],
        "monthly_target_hit_rate": 0.0,
        "monthly_avg_daily_target_hit_rate": 0.0,
        "monthly_shortfall_sum": 0.10572438391116412,
        "monthly_shortfall_mean": 0.035241461303721376,
        "worst_month": 0.0001447341289437798,
        "best_month": 0.1338626687381108,
        "avg_monthly_return": 0.054727113573619736
      },
      "active_ratio": 0.5098039215686274,
      "n_trades": 26
    },
    "oos": {
      "total_return": 0.26691965920202865,
      "final_equity": 126691.96592020287,
      "max_drawdown": -0.1112680702449842,
      "sharpe": 2.3130513160910295,